seqid,log_likelihood
sampled_seq_1,-0.3306819246015476
sampled_seq_2,-0.33533509815012225
sampled_seq_3,-0.3272428439773676
sampled_seq_4,-0.3241137439058027
sampled_seq_5,-0.32857332884810353
sampled_seq_6,-0.32119975199226203
sampled_seq_7,-0.33469833490502743
sampled_seq_8,-0.32741214664837787
sampled_seq_9,-0.3338635277202111
sampled_seq_10,-0.3321808385485001
sampled_seq_11,-0.33993722464292103
sampled_seq_12,-0.3423084521111641
sampled_seq_13,-0.3251584467997078
sampled_seq_14,-0.3246692919549141
sampled_seq_15,-0.33215334943232644
sampled_seq_16,-0.32583967601979963
sampled_seq_17,-0.33863312233495346
sampled_seq_18,-0.331277075614638
sampled_seq_19,-0.32692048749850905
sampled_seq_20,-0.323164262844406
sampled_seq_21,-0.3330756616956405
sampled_seq_22,-0.32676114380814647
sampled_seq_23,-0.33374733961265507
sampled_seq_24,-0.3357438240342468
sampled_seq_25,-0.3397234851167402
sampled_seq_26,-0.3301566320521231
sampled_seq_27,-0.3295705664248867
sampled_seq_28,-0.3370531970308027
sampled_seq_29,-0.3241101912869752
sampled_seq_30,-0.3330705948458373
sampled_seq_31,-0.3219383181506441
sampled_seq_32,-0.34312436052861106
sampled_seq_33,-0.33775469365010735
sampled_seq_34,-0.32357415352158875
sampled_seq_35,-0.3406227927171547
sampled_seq_36,-0.3449121140341722
sampled_seq_37,-0.3207572179896231
sampled_seq_38,-0.3213623279833612
sampled_seq_39,-0.3295385054959596
sampled_seq_40,-0.3235107305395694
sampled_seq_41,-0.3339962558891937
sampled_seq_42,-0.33450704676504356
sampled_seq_43,-0.32818690875104367
sampled_seq_44,-0.32457232293281846
sampled_seq_45,-0.32786356219808566
sampled_seq_46,-0.33287188115010735
sampled_seq_47,-0.3388001536595002
sampled_seq_48,-0.33928732835609493
sampled_seq_49,-0.3360566583298545
sampled_seq_50,-0.3239416457314528
sampled_seq_51,-0.33147488659574786
sampled_seq_52,-0.34184247664822875
sampled_seq_53,-0.32990218300855795
sampled_seq_54,-0.326184862442599
sampled_seq_55,-0.32015059376490934
sampled_seq_56,-0.31887645575836415
sampled_seq_57,-0.32568685517056295
sampled_seq_58,-0.33407511237923426
sampled_seq_59,-0.33978778169355317
sampled_seq_60,-0.3450400665516162
sampled_seq_61,-0.3232764906555642
sampled_seq_62,-0.3392347379495169
sampled_seq_63,-0.32316423372457953
sampled_seq_64,-0.32085351725571026
sampled_seq_65,-0.3201706282055105
sampled_seq_66,-0.34009741280825084
sampled_seq_67,-0.3243266680768428
sampled_seq_68,-0.325096275970226
sampled_seq_69,-0.3392101608159888
sampled_seq_70,-0.33495045436247617
sampled_seq_71,-0.33159200653775045
sampled_seq_72,-0.32658636660976265
sampled_seq_73,-0.34945894197653266
sampled_seq_74,-0.3230734963453453
sampled_seq_75,-0.3391711402485389
sampled_seq_76,-0.33816344865405834
sampled_seq_77,-0.32650459813707655
sampled_seq_78,-0.33118217410022066
sampled_seq_79,-0.322335104905922
sampled_seq_80,-0.34228206954839574
sampled_seq_81,-0.3494126996921219
sampled_seq_82,-0.34469808330972684
sampled_seq_83,-0.33519622569775764
sampled_seq_84,-0.3339315807546368
sampled_seq_85,-0.3294470401210639
sampled_seq_86,-0.33545510095494396
sampled_seq_87,-0.3403814767153209
sampled_seq_88,-0.32819133496466485
sampled_seq_89,-0.34000676278849595
sampled_seq_90,-0.33086861180895155
sampled_seq_91,-0.32213575057401
sampled_seq_92,-0.337254618870393
sampled_seq_93,-0.3222112582840082
sampled_seq_94,-0.3349749732563514
sampled_seq_95,-0.3319053941100608
sampled_seq_96,-0.3278456826246422
sampled_seq_97,-0.3369197117463323
sampled_seq_98,-0.324384965969406
sampled_seq_99,-0.3247325402179747
sampled_seq_100,-0.3308681458917283
sampled_seq_101,-0.3272537056726354
sampled_seq_102,-0.323167203946878
sampled_seq_103,-0.31747442347402793
sampled_seq_104,-0.3248274126125656
sampled_seq_105,-0.320560222363654
sampled_seq_106,-0.31809758776016817
sampled_seq_107,-0.3214502407394293
sampled_seq_108,-0.34036249058847207
sampled_seq_109,-0.33379072815407324
sampled_seq_110,-0.3254441414170593
sampled_seq_111,-0.33987420933847207
sampled_seq_112,-0.3356750721239862
sampled_seq_113,-0.33509075368633706
sampled_seq_114,-0.3194614439520217
sampled_seq_115,-0.3240020984911737
sampled_seq_116,-0.3261944719853292
sampled_seq_117,-0.3280241580409858
sampled_seq_118,-0.3225717908553495
sampled_seq_119,-0.3243974874947817
sampled_seq_120,-0.3275566101074219
sampled_seq_121,-0.33572617741941496
sampled_seq_122,-0.318928842326157
sampled_seq_123,-0.3208448104276002
sampled_seq_124,-0.33324944881992485
sampled_seq_125,-0.320430027619573
sampled_seq_126,-0.3442443964135556
sampled_seq_127,-0.3283679175922889
sampled_seq_128,-0.34893682348819177
sampled_seq_129,-0.3274603690809876
sampled_seq_130,-0.3226691093153626
sampled_seq_131,-0.33181267658262764
sampled_seq_132,-0.3332972053353113
sampled_seq_133,-0.34546751648415136
sampled_seq_134,-0.33824017939676765
sampled_seq_135,-0.32216155074024927
sampled_seq_136,-0.3239820640505725
sampled_seq_137,-0.33736477917387286
sampled_seq_138,-0.3368476692956823
sampled_seq_139,-0.33579787043214754
sampled_seq_140,-0.33923700929598044
sampled_seq_141,-0.3220154856907502
sampled_seq_142,-0.31823934307535184
sampled_seq_143,-0.33391553573026
sampled_seq_144,-0.32135516450605317
sampled_seq_145,-0.3344200076037691
sampled_seq_146,-0.32511814495989383
sampled_seq_147,-0.3291613746235389
sampled_seq_148,-0.34129056857742424
sampled_seq_149,-0.3281226704138836
sampled_seq_150,-0.3212198446725161
sampled_seq_151,-0.32833536162631205
sampled_seq_152,-0.3358131001013836
sampled_seq_153,-0.33427135088971555
sampled_seq_154,-0.3341602005121362
sampled_seq_155,-0.32463458112177956
sampled_seq_156,-0.33298981644725073
sampled_seq_157,-0.3288343007327946
sampled_seq_158,-0.33767004231460224
sampled_seq_159,-0.33843330208581823
sampled_seq_160,-0.3437232679993142
sampled_seq_161,-0.3343958381478113
sampled_seq_162,-0.33729244552495824
sampled_seq_163,-0.3260813414595509
sampled_seq_164,-0.3422979980934667
sampled_seq_165,-0.32959057174566136
sampled_seq_166,-0.3304789594111552
sampled_seq_167,-0.3383125130456823
sampled_seq_168,-0.34589007428584206
sampled_seq_169,-0.3299934736644949
sampled_seq_170,-0.3319239725593392
sampled_seq_171,-0.32945883365077827
sampled_seq_172,-0.3449889612561874
sampled_seq_173,-0.3377754852061963
sampled_seq_174,-0.33490887125029817
sampled_seq_175,-0.33011172927972926
sampled_seq_176,-0.33251565831308144
sampled_seq_177,-0.33246423269956166
sampled_seq_178,-0.3377544024518428
sampled_seq_179,-0.3356931555362148
sampled_seq_180,-0.32941879388940243
sampled_seq_181,-0.3231485381381202
sampled_seq_182,-0.32552861803360567
sampled_seq_183,-0.3371385763619692
sampled_seq_184,-0.3248827985224833
sampled_seq_185,-0.3478541774604157
sampled_seq_186,-0.3311659834767116
sampled_seq_187,-0.33966192580361404
sampled_seq_188,-0.3410682387024392
sampled_seq_189,-0.334484362420235
sampled_seq_190,-0.3292558975802123
sampled_seq_191,-0.3290118151948652
sampled_seq_192,-0.3401701832545623
sampled_seq_193,-0.3240545724184459
sampled_seq_194,-0.3248445641903477
sampled_seq_195,-0.3250821528543953
sampled_seq_196,-0.3294123292879294
sampled_seq_197,-0.33525044681461713
sampled_seq_198,-0.33028321593772364
sampled_seq_199,-0.32289443853247257
sampled_seq_200,-0.3260308476804777
sampled_seq_201,-0.3241504348871362
sampled_seq_202,-0.3323070147565303
sampled_seq_203,-0.3284627899868798
sampled_seq_204,-0.3340211242209864
sampled_seq_205,-0.34518319049864327
sampled_seq_206,-0.31875534640013714
sampled_seq_207,-0.33252617057043177
sampled_seq_208,-0.3325145226398497
sampled_seq_209,-0.3217542226077946
sampled_seq_210,-0.33386469251326933
sampled_seq_211,-0.33556022352844705
sampled_seq_212,-0.3196094891497197
sampled_seq_213,-0.3231580894411975
sampled_seq_214,-0.3466859191428614
sampled_seq_215,-0.33446916187082537
sampled_seq_216,-0.33075848062529817
sampled_seq_217,-0.3350552857377147
sampled_seq_218,-0.3310592593127535
sampled_seq_219,-0.33080390755456823
sampled_seq_220,-0.3309908568404103
sampled_seq_221,-0.32360836931767356
sampled_seq_222,-0.3288644397531757
sampled_seq_223,-0.34737774797978294
sampled_seq_224,-0.32214570955465766
sampled_seq_225,-0.3432826559052213
sampled_seq_226,-0.3541580666112536
sampled_seq_227,-0.3226247015800185
sampled_seq_228,-0.3218476390110627
sampled_seq_229,-0.3371704334521112
sampled_seq_230,-0.3240131057855737
sampled_seq_231,-0.3312152833429002
sampled_seq_232,-0.33468779352785066
sampled_seq_233,-0.33446971514752805
sampled_seq_234,-0.33037756417543834
sampled_seq_235,-0.3313047976894233
sampled_seq_236,-0.3404604496846672
sampled_seq_237,-0.3277987997040494
sampled_seq_238,-0.32771732242962787
sampled_seq_239,-0.329895660167432
sampled_seq_240,-0.3239774631179926
sampled_seq_241,-0.333356172983883
sampled_seq_242,-0.3243257944820491
sampled_seq_243,-0.32123152172292463
sampled_seq_244,-0.3258539738545891
sampled_seq_245,-0.3460847985653477
sampled_seq_246,-0.3251642125253459
sampled_seq_247,-0.34207904611835044
sampled_seq_248,-0.33262092648571684
sampled_seq_249,-0.33610796746406846
sampled_seq_250,-0.3163863029188782
sampled_seq_251,-0.32031357743357886
sampled_seq_252,-0.32229026037318104
sampled_seq_253,-0.3348724132275763
sampled_seq_254,-0.33618673659462966
sampled_seq_255,-0.3354334358040613
sampled_seq_256,-0.32836372433727934
sampled_seq_257,-0.3426790310226324
sampled_seq_258,-0.32649737642011567
sampled_seq_259,-0.3325595127717229
sampled_seq_260,-0.3389120611525674
sampled_seq_261,-0.32829657401747375
sampled_seq_262,-0.319140164906742
sampled_seq_263,-0.3360747417420831
sampled_seq_264,-0.3387296254398259
sampled_seq_265,-0.3351134089113192
sampled_seq_266,-0.3237509691078244
sampled_seq_267,-0.33843944636920026
sampled_seq_268,-0.32264360034738787
sampled_seq_269,-0.32778167724609375
sampled_seq_270,-0.33460657833186724
sampled_seq_271,-0.3310840985247197
sampled_seq_272,-0.326499123609703
sampled_seq_273,-0.3406495829574934
sampled_seq_274,-0.33277351437634184
sampled_seq_275,-0.3231645540426706
sampled_seq_276,-0.33355340156846375
sampled_seq_277,-0.3325407887233123
sampled_seq_278,-0.33365954333589276
sampled_seq_279,-0.34069171934637404
sampled_seq_280,-0.33422537068374286
sampled_seq_281,-0.34273994969957655
sampled_seq_282,-0.32733270776180823
sampled_seq_283,-0.3367060304598044
sampled_seq_284,-0.3327775911520456
sampled_seq_285,-0.32674719541127445
sampled_seq_286,-0.33976885380635735
sampled_seq_287,-0.3259818972522066
sampled_seq_288,-0.33928368837778805
sampled_seq_289,-0.3344607753608063
sampled_seq_290,-0.3188329798574666
sampled_seq_291,-0.3487477484550185
sampled_seq_292,-0.3364649765364086
sampled_seq_293,-0.3213177746488848
sampled_seq_294,-0.33519389611164124
sampled_seq_295,-0.3423957242310502
sampled_seq_296,-0.3435978780265983
sampled_seq_297,-0.3236292482332419
sampled_seq_298,-0.33475840910700444
sampled_seq_299,-0.32425008293326574
sampled_seq_300,-0.3380348846202588
sampled_seq_301,-0.3280045603977815
sampled_seq_302,-0.33134061507596313
sampled_seq_303,-0.3289433836026956
sampled_seq_304,-0.31970692408903867
sampled_seq_305,-0.32470007161147724
sampled_seq_306,-0.3284105490182192
sampled_seq_307,-0.3359045363564528
sampled_seq_308,-0.32806198469555103
sampled_seq_309,-0.3341484361022483
sampled_seq_310,-0.3429154548936218
sampled_seq_311,-0.33341482031436365
sampled_seq_312,-0.3404749222384154
sampled_seq_313,-0.33984337144225607
sampled_seq_314,-0.32914384448801287
sampled_seq_315,-0.3356188708589277
sampled_seq_316,-0.33522129786833554
sampled_seq_317,-0.3273014913078483
sampled_seq_318,-0.3312185156436367
sampled_seq_319,-0.32448869079123926
sampled_seq_320,-0.33097804411677006
sampled_seq_321,-0.33038918298619396
sampled_seq_322,-0.324925517307893
sampled_seq_323,-0.32763299141221375
sampled_seq_324,-0.335825155709536
sampled_seq_325,-0.33348992034679154
sampled_seq_326,-0.34369391521424736
sampled_seq_327,-0.32306301320782144
sampled_seq_328,-0.3397632336798515
sampled_seq_329,-0.3194904181793446
sampled_seq_330,-0.32917302255412095
sampled_seq_331,-0.325115786253951
sampled_seq_332,-0.32247540422978294
sampled_seq_333,-0.3155473315988788
sampled_seq_334,-0.3318622967669072
sampled_seq_335,-0.32851019706434875
sampled_seq_336,-0.33647417840156846
sampled_seq_337,-0.3379819447757634
sampled_seq_338,-0.3463709590999225
sampled_seq_339,-0.33473846202588264
sampled_seq_340,-0.3308425495642742
sampled_seq_341,-0.3329966887262941
sampled_seq_342,-0.33675250570282683
sampled_seq_343,-0.32166759112409055
sampled_seq_344,-0.3296257193761927
sampled_seq_345,-0.3391553573026002
sampled_seq_346,-0.3259328594644561
sampled_seq_347,-0.3249020758475966
sampled_seq_348,-0.33560209783888956
sampled_seq_349,-0.326634181364802
sampled_seq_350,-0.33601763776240456
sampled_seq_351,-0.3289714551153984
sampled_seq_352,-0.3322017757037214
sampled_seq_353,-0.3276283322399809
sampled_seq_354,-0.3316119244990458
sampled_seq_355,-0.34084663682311545
sampled_seq_356,-0.33543192157308566
sampled_seq_357,-0.33644933918960224
sampled_seq_358,-0.33147174165449067
sampled_seq_359,-0.3388812232563514
sampled_seq_360,-0.3315139945226771
sampled_seq_361,-0.33508819114160904
sampled_seq_362,-0.32194836449077113
sampled_seq_363,-0.3298809837748986
sampled_seq_364,-0.3373293694649034
sampled_seq_365,-0.33348365958410364
sampled_seq_366,-0.330470310822698
sampled_seq_367,-0.3334966179068762
sampled_seq_368,-0.3285725134929628
sampled_seq_369,-0.32412801262076574
sampled_seq_370,-0.3256010681618261
sampled_seq_371,-0.3318629665229157
sampled_seq_372,-0.3360786437988281
sampled_seq_373,-0.3383457096478411
sampled_seq_374,-0.3279781778350131
sampled_seq_375,-0.3381330184354127
sampled_seq_376,-0.32834444701216603
sampled_seq_377,-0.3325394492112953
sampled_seq_378,-0.3313918077308713
sampled_seq_379,-0.33476408747316316
sampled_seq_380,-0.3492754579500388
sampled_seq_381,-0.3368227136044102
sampled_seq_382,-0.3212508281678644
sampled_seq_383,-0.3335139150837906
sampled_seq_384,-0.3241708478854813
sampled_seq_385,-0.34030034887881677
sampled_seq_386,-0.31826176534172235
sampled_seq_387,-0.3217920783821863
sampled_seq_388,-0.3206028829094108
sampled_seq_389,-0.3298110670715798
sampled_seq_390,-0.33053294756940305
sampled_seq_391,-0.32004174385362
sampled_seq_392,-0.3334681387166031
sampled_seq_393,-0.32182830344629654
sampled_seq_394,-0.32490574494572994
sampled_seq_395,-0.32537760261360926
sampled_seq_396,-0.3426131619751908
sampled_seq_397,-0.34132032904006143
sampled_seq_398,-0.32250603828721375
sampled_seq_399,-0.32328318821564883
sampled_seq_400,-0.3415928032562023
sampled_seq_401,-0.3210787591133409
sampled_seq_402,-0.32714107018390687
sampled_seq_403,-0.33611408262762404
sampled_seq_404,-0.33342329418386213
sampled_seq_405,-0.3334449593347448
sampled_seq_406,-0.3246288445159679
sampled_seq_407,-0.32775843962458256
sampled_seq_408,-0.31883053379204435
sampled_seq_409,-0.3241058233130069
sampled_seq_410,-0.33033912600451754
sampled_seq_411,-0.32071283937410544
sampled_seq_412,-0.33103348826634066
sampled_seq_413,-0.3441083485843571
sampled_seq_414,-0.3325418079172382
sampled_seq_415,-0.3334684881545205
sampled_seq_416,-0.3314738965216484
sampled_seq_417,-0.3370105073652195
sampled_seq_418,-0.3216393157726026
sampled_seq_419,-0.3276283904796338
sampled_seq_420,-0.327945796587995
sampled_seq_421,-0.33913590525852816
sampled_seq_422,-0.34019199400457717
sampled_seq_423,-0.3389511981993231
sampled_seq_424,-0.3346235551906906
sampled_seq_425,-0.33479396441510617
sampled_seq_426,-0.326836797117277
sampled_seq_427,-0.33775917810338146
sampled_seq_428,-0.3328377527135019
sampled_seq_429,-0.3215021031503459
sampled_seq_430,-0.3328094482421875
sampled_seq_431,-0.33623315359799916
sampled_seq_432,-0.3332823542238192
sampled_seq_433,-0.32732245758289596
sampled_seq_434,-0.3277434137941317
sampled_seq_435,-0.3316292799156131
sampled_seq_436,-0.3376062698946654
sampled_seq_437,-0.327446129485851
sampled_seq_438,-0.3460395172352099
sampled_seq_439,-0.349469774551974
sampled_seq_440,-0.33959923081725607
sampled_seq_441,-0.3253163636185741
sampled_seq_442,-0.32608684510675096
sampled_seq_443,-0.3472377980938395
sampled_seq_444,-0.32593457753421695
sampled_seq_445,-0.3333972610590112
sampled_seq_446,-0.3205763838673366
sampled_seq_447,-0.31864911727322875
sampled_seq_448,-0.32444268146544014
sampled_seq_449,-0.32584538350578485
sampled_seq_450,-0.331626397052794
sampled_seq_451,-0.32318144354201456
sampled_seq_452,-0.32478349991427125
sampled_seq_453,-0.33723420587204794
sampled_seq_454,-0.31648394169698235
sampled_seq_455,-0.3312470239537363
sampled_seq_456,-0.3198066303748211
sampled_seq_457,-0.3379101644035514
sampled_seq_458,-0.33357343600906486
sampled_seq_459,-0.3223559547016639
sampled_seq_460,-0.33319875120206643
sampled_seq_461,-0.328697029870885
sampled_seq_462,-0.33176200808459566
sampled_seq_463,-0.33689565876968036
sampled_seq_464,-0.3390834895709089
sampled_seq_465,-0.34284780953676647
sampled_seq_466,-0.3325001374455809
sampled_seq_467,-0.32829826296740816
sampled_seq_468,-0.32730542248441974
sampled_seq_469,-0.337986720427302
sampled_seq_470,-0.32178741920995346
sampled_seq_471,-0.33178495450784234
sampled_seq_472,-0.3327581391079735
sampled_seq_473,-0.33472896896245824
sampled_seq_474,-0.32949438895888
sampled_seq_475,-0.33146760663913405
sampled_seq_476,-0.32418963017354485
sampled_seq_477,-0.32818690875104367
sampled_seq_478,-0.32518366456941794
sampled_seq_479,-0.33063294505345003
sampled_seq_480,-0.3251663673925036
sampled_seq_481,-0.3282710068098461
sampled_seq_482,-0.32895290578594644
sampled_seq_483,-0.33595304998732706
sampled_seq_484,-0.3218257700213949
sampled_seq_485,-0.3246754944779491
sampled_seq_486,-0.34568804092989625
sampled_seq_487,-0.3353513178934578
sampled_seq_488,-0.336158606842274
sampled_seq_489,-0.33493493349497555
sampled_seq_490,-0.3518806049841961
sampled_seq_491,-0.32123155084275107
sampled_seq_492,-0.3224593883252326
sampled_seq_493,-0.33259195225839394
sampled_seq_494,-0.31864678768711235
sampled_seq_495,-0.3338360677238639
sampled_seq_496,-0.3218391651415643
sampled_seq_497,-0.33878352623859437
sampled_seq_498,-0.32783068591401776
sampled_seq_499,-0.32409161283769683
sampled_seq_500,-0.32279205322265625
